{
    "$schema": "https://schema.management.azure.com/schemas/2015-01-01/deploymentParameters.json#",
    "contentVersion": "1.0.0.0",
    "parameters": {
        "location": {
            "value": "northeurope"
        },
        "networkInterfaceName1": {
            "value": "legacysqlvm712_z1"
        },
        "subnetName": {
            "value": "TeamJumpServers"
        },
        "virtualNetworkId": {
            "value": "/subscriptions/1479657d-52da-420f-8add-add930152216/resourceGroups/SQLHACK-SHARED/providers/Microsoft.Network/virtualNetworks/SQLHACK-SHARED-vnet"
        },
        "virtualMachineName": {
            "value": "legacysqlvm"
        },
        "virtualMachineName1": {
            "value": "legacysqlvm"
        },
        "virtualMachineComputerName1": {
            "value": "legacysqlvm"
        },
        "virtualMachineRG": {
            "value": "SQLHACK-SHARED"
        },
        "osDiskType": {
            "value": "Premium_LRS"
        },
        "dataDisks1": {
            "value": [
                {
                    "lun": 0,
                    "createOption": "attach",
                    "caching": "ReadOnly",
                    "writeAcceleratorEnabled": false,
                    "id": null,
                    "name": "legacysqlvm_DataDisk_0",
                    "storageAccountType": null,
                    "diskSizeGB": null,
                    "diskEncryptionSet": null
                },
                {
                    "lun": 1,
                    "createOption": "attach",
                    "caching": "None",
                    "writeAcceleratorEnabled": false,
                    "id": null,
                    "name": "legacysqlvm_DataDisk_1",
                    "storageAccountType": null,
                    "diskSizeGB": null,
                    "diskEncryptionSet": null
                }
            ]
        },
        "dataDiskResources1": {
            "value": [
                {
                    "name": "legacysqlvm_DataDisk_0",
                    "sku": "Premium_LRS",
                    "properties": {
                        "diskSizeGB": 1024,
                        "creationData": {
                            "createOption": "empty"
                        }
                    }
                },
                {
                    "name": "legacysqlvm_DataDisk_1",
                    "sku": "Premium_LRS",
                    "properties": {
                        "diskSizeGB": 1024,
                        "creationData": {
                            "createOption": "empty"
                        }
                    }
                }
            ]
        },
        "virtualMachineSize": {
            "value": "Standard_B2s"
        },
        "hibernationEnabled": {
            "value": false
        },
        "adminUsername": {
            "value": "DemoUser"
        },
        "adminPassword": {
            "value": null
        },
        "securityType": {
            "value": "TrustedLaunch"
        },
        "secureBoot": {
            "value": true
        },
        "vTPM": {
            "value": true
        },
        "virtualMachine1Zone": {
            "value": "1"
        },
        "sqlVirtualMachineLocation": {
            "value": "northeurope"
        },
        "sqlVirtualMachineName": {
            "value": "legacysqlvm"
        },
        "sqlConnectivityType": {
            "value": "Private"
        },
        "sqlPortNumber": {
            "value": 1433
        },
        "sqlStorageDisksCount": {
            "value": 1
        },
        "sqlStorageWorkloadType": {
            "value": "OLTP"
        },
        "sqlStorageDisksConfigurationType": {
            "value": "NEW"
        },
        "sqlStorageStartingDeviceId": {
            "value": 2
        },
        "sqlStorageDeploymentToken": {
            "value": 88468
        },
        "sqlAuthenticationLogin": {
            "value": "DemoUser"
        },
        "sqlAuthenticationPassword": {
            "value": null
        },
        "dataPath": {
            "value": "F:\\data"
        },
        "dataDisksLUNs": {
            "value": [
                0
            ]
        },
        "logPath": {
            "value": "G:\\log"
        },
        "logDisksLUNs": {
            "value": [
                1
            ]
        },
        "tempDbPath": {
            "value": "D:\\tempDb"
        },
        "dataFileCount": {
            "value": 2
        },
        "dataFileSize": {
            "value": 8
        },
        "dataGrowth": {
            "value": 64
        },
        "logFileSize": {
            "value": 8
        },
        "logGrowth": {
            "value": 64
        },
        "SQLSystemDbOnDataDisk": {
            "value": false
        },
        "rServicesEnabled": {
            "value": "false"
        },
        "maxdop": {
            "value": 0
        },
        "isOptimizeForAdHocWorkloadsEnabled": {
            "value": false
        },
        "collation": {
            "value": "SQL_Latin1_General_CP1_CI_AS"
        },
        "minServerMemoryMB": {
            "value": 0
        },
        "maxServerMemoryMB": {
            "value": 2147483647
        }
    }
}