{
    "$schema": "http://schema.management.azure.com/schemas/2015-01-01/deploymentTemplate.json#",
    "contentVersion": "1.0.0.0",
    "parameters": {
        "location": {
            "type": "string"
        },
        "networkInterfaceName1": {
            "type": "string"
        },
        "subnetName": {
            "type": "string"
        },
        "virtualNetworkId": {
            "type": "string"
        },
        "virtualMachineName": {
            "type": "string"
        },
        "virtualMachineName1": {
            "type": "string"
        },
        "virtualMachineComputerName1": {
            "type": "string"
        },
        "virtualMachineRG": {
            "type": "string"
        },
        "osDiskType": {
            "type": "string"
        },
        "dataDisks1": {
            "type": "array"
        },
        "dataDiskResources1": {
            "type": "array"
        },
        "virtualMachineSize": {
            "type": "string"
        },
        "hibernationEnabled": {
            "type": "bool"
        },
        "adminUsername": {
            "type": "string"
        },
        "adminPassword": {
            "type": "secureString"
        },
        "securityType": {
            "type": "string"
        },
        "secureBoot": {
            "type": "bool"
        },
        "vTPM": {
            "type": "bool"
        },
        "virtualMachine1Zone": {
            "type": "string"
        },
        "sqlVirtualMachineLocation": {
            "type": "string"
        },
        "sqlVirtualMachineName": {
            "type": "string"
        },
        "sqlConnectivityType": {
            "type": "string"
        },
        "sqlPortNumber": {
            "type": "int"
        },
        "sqlStorageDisksCount": {
            "type": "int"
        },
        "sqlStorageWorkloadType": {
            "type": "string"
        },
        "sqlStorageDisksConfigurationType": {
            "type": "string"
        },
        "sqlStorageStartingDeviceId": {
            "type": "int"
        },
        "sqlStorageDeploymentToken": {
            "type": "int"
        },
        "sqlAuthenticationLogin": {
            "type": "string"
        },
        "sqlAuthenticationPassword": {
            "type": "securestring"
        },
        "dataPath": {
            "type": "string"
        },
        "dataDisksLUNs": {
            "type": "array"
        },
        "logPath": {
            "type": "string"
        },
        "logDisksLUNs": {
            "type": "array"
        },
        "tempDbPath": {
            "type": "string"
        },
        "dataFileCount": {
            "type": "int"
        },
        "dataFileSize": {
            "type": "int"
        },
        "dataGrowth": {
            "type": "int"
        },
        "logFileSize": {
            "type": "int"
        },
        "logGrowth": {
            "type": "int"
        },
        "SQLSystemDbOnDataDisk": {
            "type": "bool"
        },
        "rServicesEnabled": {
            "type": "string"
        },
        "maxdop": {
            "type": "int"
        },
        "isOptimizeForAdHocWorkloadsEnabled": {
            "type": "bool"
        },
        "collation": {
            "type": "string"
        },
        "minServerMemoryMB": {
            "type": "int"
        },
        "maxServerMemoryMB": {
            "type": "int"
        }
    },
    "variables": {
        "vnetId": "[parameters('virtualNetworkId')]",
        "vnetName": "[last(split(variables('vnetId'), '/'))]",
        "subnetRef": "[concat(variables('vnetId'), '/subnets/', parameters('subnetName'))]"
    },
    "resources": [
        {
            "name": "[parameters('networkInterfaceName1')]",
            "type": "Microsoft.Network/networkInterfaces",
            "apiVersion": "2022-11-01",
            "location": "[parameters('location')]",
            "dependsOn": [],
            "properties": {
                "ipConfigurations": [
                    {
                        "name": "ipconfig1",
                        "properties": {
                            "subnet": {
                                "id": "[variables('subnetRef')]"
                            },
                            "privateIPAllocationMethod": "Dynamic"
                        }
                    }
                ]
            }
        },
        {
            "name": "[parameters('dataDiskResources1')[copyIndex()].name]",
            "type": "Microsoft.Compute/disks",
            "apiVersion": "2022-03-02",
            "location": "[parameters('location')]",
            "properties": "[parameters('dataDiskResources1')[copyIndex()].properties]",
            "sku": {
                "name": "[parameters('dataDiskResources1')[copyIndex()].sku]"
            },
            "copy": {
                "name": "managedDiskResources",
                "count": "[length(parameters('dataDiskResources1'))]"
            },
            "zones": "[if(contains(parameters('dataDiskResources1')[copyIndex()].sku, '_ZRS'), json('null'), array(parameters('virtualMachine1Zone')))]"
        },
        {
            "name": "[parameters('virtualMachineName1')]",
            "type": "Microsoft.Compute/virtualMachines",
            "apiVersion": "2022-11-01",
            "location": "[parameters('location')]",
            "dependsOn": [
                "managedDiskResources",
                "[concat('Microsoft.Network/networkInterfaces/', parameters('networkInterfaceName1'))]"
            ],
            "properties": {
                "hardwareProfile": {
                    "vmSize": "[parameters('virtualMachineSize')]"
                },
                "storageProfile": {
                    "osDisk": {
                        "createOption": "fromImage",
                        "managedDisk": {
                            "storageAccountType": "[parameters('osDiskType')]"
                        }
                    },
                    "imageReference": {
                        "publisher": "MicrosoftSQLServer",
                        "offer": "SQL2012SP4-WS2012R2",
                        "sku": "Standard",
                        "version": "latest"
                    },
                    "copy": [
                        {
                            "name": "dataDisks",
                            "count": "[length(parameters('dataDisks1'))]",
                            "input": {
                                "lun": "[parameters('dataDisks1')[copyIndex('dataDisks')].lun]",
                                "createOption": "[parameters('dataDisks1')[copyIndex('dataDisks')].createOption]",
                                "caching": "[parameters('dataDisks1')[copyIndex('dataDisks')].caching]",
                                "diskSizeGB": "[parameters('dataDisks1')[copyIndex('dataDisks')].diskSizeGB]",
                                "managedDisk": {
                                    "id": "[coalesce(parameters('dataDisks1')[copyIndex('dataDisks')].id, if(equals(parameters('dataDisks1')[copyIndex('dataDisks')].name, json('null')), json('null'), resourceId('Microsoft.Compute/disks', parameters('dataDisks1')[copyIndex('dataDisks')].name)))]",
                                    "storageAccountType": "[parameters('dataDisks1')[copyIndex('dataDisks')].storageAccountType]"
                                },
                                "writeAcceleratorEnabled": "[parameters('dataDisks1')[copyIndex('dataDisks')].writeAcceleratorEnabled]"
                            }
                        }
                    ]
                },
                "networkProfile": {
                    "networkInterfaces": [
                        {
                            "id": "[resourceId('Microsoft.Network/networkInterfaces', parameters('networkInterfaceName1'))]"
                        }
                    ]
                },
                "additionalCapabilities": {
                    "hibernationEnabled": false
                },
                "osProfile": {
                    "computerName": "[parameters('virtualMachineComputerName1')]",
                    "adminUsername": "[parameters('adminUsername')]",
                    "adminPassword": "[parameters('adminPassword')]",
                    "windowsConfiguration": {
                        "enableAutomaticUpdates": true,
                        "provisionVmAgent": true
                    }
                },
                "securityProfile": {
                    "securityType": "[parameters('securityType')]",
                    "uefiSettings": {
                        "secureBootEnabled": "[parameters('secureBoot')]",
                        "vTpmEnabled": "[parameters('vTPM')]"
                    }
                },
                "diagnosticsProfile": {
                    "bootDiagnostics": {
                        "enabled": true
                    }
                }
            },
            "zones": [
                "[parameters('virtualMachine1Zone')]"
            ]
        },
        {
            "name": "[parameters('sqlVirtualMachineName')]",
            "type": "Microsoft.SqlVirtualMachine/SqlVirtualMachines",
            "apiVersion": "2022-07-01-preview",
            "location": "[parameters('sqlVirtualMachineLocation')]",
            "properties": {
                "virtualMachineResourceId": "[resourceId('Microsoft.Compute/virtualMachines', parameters('sqlVirtualMachineName'))]",
                "sqlManagement": "Full",
                "SqlServerLicenseType": "PAYG",
                "LeastPrivilegeMode": "Enabled",
                "AutoPatchingSettings": {
                    "Enable": false
                },
                "KeyVaultCredentialSettings": {
                    "Enable": false,
                    "CredentialName": ""
                },
                "StorageConfigurationSettings": {
                    "DiskConfigurationType": "[parameters('sqlStorageDisksConfigurationType')]",
                    "StorageWorkloadType": "[parameters('sqlStorageWorkloadType')]",
                    "SQLDataSettings": {
                        "LUNs": "[parameters('dataDisksLUNs')]",
                        "DefaultFilePath": "[parameters('dataPath')]"
                    },
                    "SQLLogSettings": {
                        "LUNs": "[parameters('logDisksLUNs')]",
                        "DefaultFilePath": "[parameters('logPath')]"
                    },
                    "SQLTempDbSettings": {
                        "DefaultFilePath": "[parameters('tempDbPath')]",
                        "DataFileCount": "[parameters('dataFileCount')]",
                        "DataFileSize": "[parameters('dataFileSize')]",
                        "DataGrowth": "[parameters('dataGrowth')]",
                        "LogFileSize": "[parameters('logFileSize')]",
                        "LogGrowth": "[parameters('logGrowth')]"
                    },
                    "SQLSystemDbOnDataDisk": "[parameters('SQLSystemDbOnDataDisk')]"
                },
                "ServerConfigurationsManagementSettings": {
                    "SQLConnectivityUpdateSettings": {
                        "ConnectivityType": "[parameters('sqlConnectivityType')]",
                        "Port": "[parameters('sqlPortNumber')]",
                        "SQLAuthUpdateUserName": "[parameters('sqlAuthenticationLogin')]",
                        "SQLAuthUpdatePassword": "[parameters('sqlAuthenticationPassword')]"
                    },
                    "AdditionalFeaturesServerConfigurations": {
                        "IsRServicesEnabled": "[parameters('rServicesEnabled')]"
                    },
                    "SQLInstanceSettings": {
                        "maxDop": "[parameters('maxdop')]",
                        "isOptimizeForAdHocWorkloadsEnabled": "[parameters('isOptimizeForAdHocWorkloadsEnabled')]",
                        "collation": "[parameters('collation')]",
                        "minServerMemoryMB": "[parameters('minServerMemoryMB')]",
                        "maxServerMemoryMB": "[parameters('maxServerMemoryMB')]"
                    }
                }
            },
            "dependsOn": [
                "[resourceId('Microsoft.Compute/virtualMachines', parameters('sqlVirtualMachineName'))]"
            ]
        }
    ],
    "outputs": {
        "adminUsername": {
            "type": "string",
            "value": "[parameters('adminUsername')]"
        }
    }
}